group,metric,count,min,max,mean,median,p25,p75,p90,p95,p99,variance_population,stddev_population,stddev_sample,coefficient_of_variation,iqr
all,adapter_buffer_ms,20,0.633168,51.218234,4.4536520500000005,0.9342465,0.8108219999999999,1.81757925,8.242008700000003,11.679139950000028,43.31041518999995,120.95574162008405,10.997988071464892,11.283697677813732,2.46943136733479,1.0067572500000002
all,consumer_buffer_ms,20,0.000504,0.001488,0.00097595,0.0009785,0.00079925,0.0010745,0.0012341000000000003,0.0014785,0.0014861,6.01856475e-08,0.00024532763297272484,0.00025170084059830775,0.2513731574083968,0.0002752499999999999
all,consumer_ttft_ms,80,772.07629,4344.15353,1810.2782551249998,1789.0427025,1317.3347525,2145.47622725,2704.5234412999994,3031.6262579499994,3778.2319384499956,521271.0443756359,721.9910279052199,726.5462215344323,0.3988287578780901,828.1414747500003
all,event_to_text_ms,80,0.204243,51.986651,7.2719342125,3.8161945,1.2618715,8.5743485,17.2931778,24.196302299999974,47.09536994999996,95.87714537625989,9.79168756529026,9.853465386748873,1.3465038707939578,7.3124769999999994
all,invoke_overhead_ms,20,1.028064,8.858264,3.3951833999999996,2.338361,1.5676887499999999,5.045497,5.725059000000003,7.588273600000001,8.604265919999998,4.99709009854264,2.2354172090557594,2.2934896643698224,0.6584083820201759,3.4778082500000003
all,provider_first_event_ms,80,771.152823,4325.897043,1799.270186175,1781.837306,1304.56357,2122.64651475,2697.7736979999995,3022.4207168499993,3767.6118481999956,519064.9602345188,720.4616299529898,725.0071742880432,0.40041881174310556,818.0829447499998
all,provider_text_ttft_ms,80,771.408984,4343.499459,1806.5421203875,1788.5204104999998,1313.8734095,2139.6644392499998,2703.3478092999994,3030.693838399999,3777.4416635499956,520613.9807158416,721.5358485313405,726.0881703379072,0.39940161947432057,825.7910297499998
all,request_build_ms,20,0.10899,0.517525,0.22375660000000003,0.173015,0.15729575,0.28119725,0.34858490000000003,0.39125670000000007,0.49227133999999984,0.01036959902994,0.1018312281667073,0.10447663566528567,0.45509821013863855,0.1239015
all,stream_open_ms,80,770.835982,4325.424405,1792.1886843875,1773.3877505,1299.301215,2117.7078970000002,2691.9087293999996,3020.742058499999,3766.9292321499956,518918.76607100846,720.3601641338925,724.9050682996988,0.4019443769560923,818.4066820000003
CASCADE_LLM_EXISTING,consumer_ttft_ms,20,1305.66011,2833.836878,1967.3859830000001,1857.504719,1660.9041145,2179.212395,2704.5234413000003,2801.74087625,2827.41767765,183641.19963100032,428.53377886813115,439.666380255949,0.21781886349249807,518.3082804999999
CASCADE_LLM_EXISTING,event_to_text_ms,20,0.204243,45.795156,6.93514985,3.495695,1.125429,5.257705,22.064173200000003,24.872898450000015,41.610704489999975,119.07243654031032,10.912031732922625,11.195508335244861,1.573438493606973,4.132275999999999
CASCADE_LLM_EXISTING,provider_first_event_ms,20,1294.376482,2828.307767,1957.6614308,1838.945524,1649.99798775,2157.5862257500003,2697.773698,2775.86829615,2817.81987283,182766.96626434464,427.5125334587802,438.6186045737886,0.21837919812522272,507.5882380000003
CASCADE_LLM_EXISTING,provider_text_ttft_ms,20,1299.965189,2833.455138,1964.59658065,1856.0320475,1653.389678,2174.8518685,2703.3478093000003,2798.70880535,2826.50587147,184716.28701479785,429.7863271612975,440.9514676896789,0.2187656903175001,521.4621904999999
CASCADE_LLM_EXISTING,stream_open_ms,20,1286.590863,2815.011443,1948.8083828499998,1826.6680255,1643.617138,2152.5560265000004,2679.2076747000006,2774.4699859,2806.9031515799998,182759.15189157336,427.50339401175916,438.60922769899497,0.21936656152236195,508.9388885000003
DIRECT_CASCADE_PAYLOAD,consumer_ttft_ms,20,1447.745601,4344.15353,2195.00905255,1935.494573,1640.7984925,2220.15906,3535.8522156,3663.6149072500007,4208.045805449999,626204.9152551097,791.331103429601,811.8885814504285,0.36051382225977185,579.3605674999999
DIRECT_CASCADE_PAYLOAD,event_to_text_ms,20,1.044234,38.387103,9.056989,7.268376,3.73045675,11.328139499999999,17.293177800000002,18.641650350000017,34.438012469999975,69.19213111415901,8.318180757482914,8.534273385908758,0.9184267263085905,7.597682749999999
DIRECT_CASCADE_PAYLOAD,provider_first_event_ms,20,1438.73014,4325.897043,2184.76378815,1924.337132,1636.6320625,2210.1156972500003,3533.3854943,3654.541429000001,4191.625920199999,626146.6308098749,791.2942757343028,811.8507970322955,0.36218756463569446,573.4836347500002
DIRECT_CASCADE_PAYLOAD,provider_text_ttft_ms,20,1446.880378,4343.499459,2193.82077715,1932.220284,1640.21109575,2219.45314475,3535.101673,3662.7970467500004,4207.358976549999,626464.4911626426,791.4950986346299,812.0568369806342,0.3607838465559907,579.242049
DIRECT_CASCADE_PAYLOAD,stream_open_ms,20,1413.374383,4325.424405,2177.8091326000003,1919.5064725000002,1635.6524474999999,2209.27211975,3532.2837259000003,3653.8162857500006,4191.102781149999,632233.1086922887,795.1308751974663,815.7870650271228,0.3651058595057827,573.6196722500001
LIVEKIT_LLM_DIRECT,adapter_buffer_ms,20,0.633168,51.218234,4.4536520500000005,0.9342465,0.8108219999999999,1.81757925,8.242008700000003,11.679139950000028,43.31041518999995,120.95574162008405,10.997988071464892,11.283697677813732,2.46943136733479,1.0067572500000002
LIVEKIT_LLM_DIRECT,consumer_buffer_ms,20,0.000504,0.001488,0.00097595,0.0009785,0.00079925,0.0010745,0.0012341000000000003,0.0014785,0.0014861,6.01856475e-08,0.00024532763297272484,0.00025170084059830775,0.2513731574083968,0.0002752499999999999
LIVEKIT_LLM_DIRECT,consumer_ttft_ms,20,1321.2263,3342.023215,2114.1493038,2138.153439,1750.5254495000001,2399.1774495,2561.0686379000003,2903.4878848500007,3254.3161489699996,237472.17640538173,487.3111699985767,499.9707111478281,0.2304998843377226,648.6519999999998
LIVEKIT_LLM_DIRECT,event_to_text_ms,20,0.349045,32.263233,7.10688895,3.6840935000000004,1.24718925,11.010763,16.556911600000003,18.39741395000001,29.49006918999998,62.52285172057355,7.907139288046818,8.112553736458054,1.1126020602934592,9.76357375
LIVEKIT_LLM_DIRECT,invoke_overhead_ms,20,1.028064,8.858264,3.3951833999999996,2.338361,1.5676887499999999,5.045497,5.725059000000003,7.588273600000001,8.604265919999998,4.99709009854264,2.2354172090557594,2.2934896643698224,0.6584083820201759,3.4778082500000003
LIVEKIT_LLM_DIRECT,provider_first_event_ms,20,1307.959266,3329.081607,2098.96884685,2122.4452305,1747.0662735,2394.02650425,2553.4957237000003,2880.8651147000005,3239.4383085399995,234881.42070503553,484.6456651049667,497.2359608296072,0.23089702633380785,646.9602307499999
LIVEKIT_LLM_DIRECT,provider_text_ttft_ms,20,1318.509483,3332.370697,2106.0757358,2131.886161,1747.7739204999998,2395.98238225,2558.3578241000005,2894.9102785500004,3244.8786133099993,235626.63189688878,485.4138769100949,498.024129511485,0.2304826311128402,648.20846175
LIVEKIT_LLM_DIRECT,request_build_ms,20,0.10899,0.517525,0.22375660000000003,0.173015,0.15729575,0.28119725,0.34858490000000003,0.39125670000000007,0.49227133999999984,0.01036959902994,0.1018312281667073,0.10447663566528567,0.45509821013863855,0.1239015
LIVEKIT_LLM_DIRECT,stream_open_ms,20,1303.537999,3311.211332,2091.31632155,2113.1228069999997,1735.46836975,2381.8568152499997,2552.9669007000007,2879.0064589000003,3224.7703573799995,233989.9974359798,483.72512590931206,496.2915075426196,0.23130175044528622,646.3884454999998
STANDALONE_EXISTING,consumer_ttft_ms,20,772.07629,1815.69415,964.56868115,873.441288,830.9011235,973.30671475,1235.3251916000002,1268.3351266500006,1706.2223453299994,57502.96382991035,239.79775609857228,246.0273066357309,0.24860620169905906,142.40559124999993
STANDALONE_EXISTING,event_to_text_ms,20,0.254204,51.986651,5.98870905,2.1136545,0.9283622499999999,4.49135775,13.060640000000003,17.185822550000026,45.026485309999956,127.74741107244866,11.302540027465007,11.59616139175504,1.8873082551013238,3.5629954999999995
STANDALONE_EXISTING,provider_first_event_ms,20,771.152823,1813.83941,955.6866789,868.4724635,825.3769475,963.559863,1226.4227986,1264.2317148000004,1703.9178709599994,57319.298664525144,239.41449134195102,245.63408529232032,0.2505156727909175,138.18291549999992
STANDALONE_EXISTING,provider_text_ttft_ms,20,771.408984,1814.796101,961.67538795,869.7969995,829.48076875,972.4273430000001,1234.4480156,1266.2104025000006,1705.0789612999993,57162.360054699006,239.08651165362508,245.29758523217427,0.24861456854301425,142.94657425000003
STANDALONE_EXISTING,stream_open_ms,20,770.835982,1796.566498,950.82090055,857.812764,824.0636895,950.33686125,1222.3708137,1260.0976818500003,1689.2727347699993,56082.85524405182,236.81819027273184,242.97033659980588,0.24906708522682341,126.27317174999996
